{
    "prepare_queue": {
        "installed": [],
        "uninstalled": []
    },
    "config_munge": {
        "files": {
            "res/xml/config.xml": {
                "parents": {
                    "/*": [
                        {
                            "xml": "<feature name=\"Whitelist\"><param name=\"android-package\" value=\"org.apache.cordova.whitelist.WhitelistPlugin\" /><param name=\"onload\" value=\"true\" /></feature>",
                            "count": 1
                        },
                        {
                            "xml": "<preference name=\"webView\" value=\"org.crosswalk.engine.XWalkWebViewEngine\" />",
                            "count": 1
                        },
                        {
                            "xml": "<preference name=\"xwalkVersion\" value=\"23+\" />",
                            "count": 1
                        },
                        {
                            "xml": "<preference name=\"xwalkLiteVersion\" value=\"xwalk_core_library_canary:17+\" />",
                            "count": 1
                        },
                        {
                            "xml": "<preference name=\"xwalkCommandLine\" value=\"--disable-pull-to-refresh-effect\" />",
                            "count": 1
                        },
                        {
                            "xml": "<preference name=\"xwalkMode\" value=\"embedded\" />",
                            "count": 1
                        },
                        {
                            "xml": "<preference name=\"xwalkMultipleApk\" value=\"true\" />",
                            "count": 1
                        },
                        {
                            "xml": "<preference name=\"android-minSdkVersion\" value=\"16\" />",
                            "count": 1
                        }
                    ]
                }
            },
            "AndroidManifest.xml": {
                "parents": {
                    "/*": [
                        {
                            "xml": "<uses-permission android:name=\"android.permission.ACCESS_NETWORK_STATE\" />",
                            "count": 1
                        },
                        {
                            "xml": "<uses-permission android:name=\"android.permission.ACCESS_WIFI_STATE\" />",
                            "count": 1
                        }
                    ]
                }
            }
        }
    },
    "installed_plugins": {
        "cordova-plugin-whitelist": {
            "PACKAGE_NAME": "io.cordova.hellocordova"
        },
        "cordova-plugin-webrtc": {
            "PACKAGE_NAME": "io.cordova.hellocordova"
        },
        "cordova-plugin-crosswalk-webview": {
            "XWALK_VERSION": "23+",
            "XWALK_LITEVERSION": "xwalk_core_library_canary:17+",
            "XWALK_COMMANDLINE": "--disable-pull-to-refresh-effect",
            "XWALK_MODE": "embedded",
            "XWALK_MULTIPLEAPK": "true",
            "PACKAGE_NAME": "io.cordova.hellocordova"
        }
    },
    "dependent_plugins": {},
    "modules": [
        {
            "id": "cordova-plugin-webrtc.WebRTC",
            "file": "plugins/cordova-plugin-webrtc/dist/webrtc.js",
            "pluginId": "cordova-plugin-webrtc",
            "clobbers": [
                "webrtc"
            ]
        }
    ],
    "plugin_metadata": {
        "cordova-plugin-whitelist": "1.3.2",
        "cordova-plugin-webrtc": "0.1.1",
        "cordova-plugin-crosswalk-webview": "2.3.0"
    }
}